name:,Mitsubishi Outlander III Рестайлинг 3
name:,Mitsubishi Mirage V
name:,Mitsubishi Pajero IV
name:,Mitsubishi Outlander III Рестайлинг 3
name:,Mitsubishi Outlander III Рестайлинг 3
name:,Mitsubishi Lancer X Рестайлинг
name:,Mitsubishi ASX I
name:,Mitsubishi Outlander III Рестайлинг 3
name:,Mitsubishi Pajero III
name:,Mitsubishi Pajero Sport II
name:,Mitsubishi ASX I Рестайлинг
name:,Mitsubishi Outlander III Рестайлинг 3
name:,Mitsubishi Pajero Sport III
name:,Mitsubishi Outlander III Рестайлинг 3
name:,Mitsubishi Lancer IX
name:,Mitsubishi Outlander III Рестайлинг
name:,Mitsubishi Outlander III Рестайлинг 3
name:,Mitsubishi Lancer X
name:,Mitsubishi Lancer X
name:,Mitsubishi Lancer IX Рестайлинг
name:,Mitsubishi Outlander III Рестайлинг 3
name:,Mitsubishi Lancer X
name:,Mitsubishi Outlander III Рестайлинг
name:,Mitsubishi Colt VI (Z20/Z30)
name:,Mitsubishi Lancer X
name:,Mitsubishi Outlander III Рестайлинг 3
name:,Mitsubishi Pajero Sport I
name:,Mitsubishi Pajero Sport III
name:,Mitsubishi Outlander III Рестайлинг 3
name:,Mitsubishi Outlander III Рестайлинг 3
name:,Mitsubishi Pajero Sport II
name:,Mitsubishi Outlander III
name:,Mitsubishi Outlander III
name:,Mitsubishi Pajero Pinin
name:,Mitsubishi Outlander III Рестайлинг 3
name:,Mitsubishi Pajero Sport I Рестайлинг
name:,Mitsubishi Outlander III Рестайлинг 3
name:,Mitsubishi Outlander III
